deptime,keff
10.0,1.03522666667
20.0,1.03521555556
30.0,1.03520444444
