number,keff,sd
1,1.03486E+00,0.00023
