number,keff,sd
1,1.03478E+00,0.00023
