deptime,keff
55.0,1.03521
100.0,1.03511
10.0,1.03521
