deptime,keff
3.0,1.02159
16.5,1.01748
30.0,1.0135
