number,keff,sd
1,1.03484E+00,0.00024
